id,model,mark,production_year,vin
1,Mazda,MPV,2000,1FTEW1CM8BK668884
2,Dodge,Viper,2000,1G6AB5S34E0441711
3,Chevrolet,Colorado,2012,YV1940AS7D1397678
4,Toyota,Camry,2006,1FTFW1E82AK800573
5,Mercedes-Benz,SL-Class,1999,2G61M5S32E9411560
6,Nissan,Armada,2007,WBA3X9C58ED758119
7,Mercedes-Benz,S-Class,1998,137ZA903X1E260884
8,Suzuki,Vitara,2001,1FTEX1EW8AF455517
9,Chevrolet,Impala,2001,2T1BU4EE2CC651679
10,Honda,Civic GX,2003,3VW467AT9CM947215
11,Ford,Econoline E350,1993,3VWML7AJ7CM195179
12,Mercury,Mountaineer,2006,1G6AH5RX9D0318220
13,Chevrolet,Express 1500,2005,WAUGU44DX3N929351
14,Mazda,MX-5,1998,5N1AA0NC6BN491762
15,Studebaker,Avanti,1963,JN8AF5MR3CT580523
16,Mitsubishi,Chariot,1992,WAUBFAFL3CN090358
17,Pontiac,Grand Prix,2003,WBAEV534X3K715389
18,Land Rover,Discovery,2008,1GTN2TEH3FZ928762
19,Lexus,CT,2012,2B3CA3CV1AH910290
20,BMW,X5,2001,5NPDH4AE7EH829735
21,Isuzu,Trooper,1992,1FTWF3D52AE481421
22,Hyundai,Accent,2013,1G6DV8EP4C0147663
23,Subaru,Legacy,1997,2LNBL8CV4AX563864
24,Acura,Legend,1994,2G4WF551041122354
25,Pontiac,Grand Prix,1983,WBAUP9C51CV384304
26,Morgan,Aero 8,2008,19XFB2F51DE862255
27,Saturn,Ion,2005,1G6DP1E3XD0809973
28,Mitsubishi,Outlander,2004,1G4HR54K724351416
29,Ford,F150,1999,3GTU2YEJ8BG655954
30,Kia,Sportage,2006,1G4PR5SK3E4896712
31,Toyota,Tundra,2005,1G6KY54903U081542
32,Ford,Escort,1992,19UUA65545A800504
33,Mazda,MX-5,1998,WAUMFAFR1EA806598
34,Audi,4000CS Quattro,1986,WA1WKBFP9BA473651
35,GMC,Sonoma Club Coupe,1994,3N1CN7AP2FL169244
36,Lexus,GX,2012,1D7RW2GK1BS965911
37,Land Rover,Discovery,1997,WBAGL63433D606488
38,Lincoln,Town Car,2003,YV1940ASXD1151384
39,Volkswagen,New Beetle,2000,3VW1K7AJ3CM127595
40,Mazda,Miata MX-5,1999,WAUGL98E27A892229
41,Nissan,Altima,1997,3D4PH5FV1AT350025
42,Dodge,Durango,2012,WA1BY74L58D356540
43,BMW,7 Series,1999,1FMJK1H59CE062145
44,Nissan,Xterra,2007,1G4PT5SV5E4338825
45,Ford,Thunderbird,1980,WA1BV74L07D819708
46,Bentley,Continental Flying Spur,2011,JTHFE2C23E2181402
47,Dodge,Colt,1994,1C3CDFBB3FD138477
48,Toyota,Land Cruiser,2003,WBA3N7C58EF629571
49,Audi,Quattro,1992,1FTKR1ADXAP128824
50,Mitsubishi,Diamante,1993,4JGBF2FE9BA529266
51,Chrysler,Pacifica,2006,JTEBU5JR9F5488282
52,Ford,Windstar,2001,WAURD68D62A282631
53,Chevrolet,Suburban,2008,3C63D2EL2CG548024
54,Oldsmobile,Bravada,2004,JN8AZ1MU8EW607592
55,Mitsubishi,Pajero,2004,SAJWA4DC1BM428546
56,Cadillac,STS-V,2009,1FTSW3B53AE716717
57,Mercedes-Benz,SL-Class,1985,5N1AA0NC1CN767296
58,Subaru,Alcyone SVX,1992,1FTWW3B58AE886766
59,Lamborghini,Gallardo,2004,SAJWA4EB5EL109098
60,Jeep,Wrangler,2003,WAUEV74F77N369107
61,Scion,xB,2010,5FRYD4H25FB720228
62,BMW,M3,1996,1C3BC5EDXAN177074
63,Nissan,Sentra,2007,1N6AA0EDXFN539022
64,Dodge,Viper,2002,SCBGC3ZA0EC228611
65,Chevrolet,Equinox,2010,JN1AZ4FHXFM352683
66,Ford,F250,2009,2G4WS55J941706618
67,Mazda,Mazda6,2004,3GYFNBEY1BS106985
68,Mitsubishi,Truck,1988,3N1BC1AP8BL163456
69,Pontiac,Grand Am,2005,1G6DE8E52C0413597
70,GMC,Yukon XL 1500,2001,1HGCR6F33EA557107
71,Dodge,Stealth,1992,5FRYD3H43GB783504
72,Volkswagen,Passat,2012,SCFBF04B37G590362
73,Chevrolet,Tahoe,2010,WAUMFAFL9CN616212
74,Infiniti,G,2004,2V4RW3D13AR001828
75,Infiniti,QX,2003,WBAXG5C5XCC277334
76,Plymouth,Acclaim,1995,3C63D3HL8CG161866
77,Ford,Five Hundred,2007,WBAVB77528N935395
78,Toyota,Tacoma,2012,WAUKG98E36A989579
79,Tesla,Roadster,2012,1FTMF1CW3AK528236
80,Ford,F450,2009,1GKS1AE07CR914156
81,Eagle,Talon,1995,2FMDK3GC8AB029137
82,Ford,E150,2012,JN1AZ4EH1CM282701
83,Honda,Accord,2006,1D7CE3GK2AS763303
84,Land Rover,Discovery,2000,WAUKG68EX5A926315
85,Mercedes-Benz,M-Class,2006,JA4AS2AW4DU722111
86,Nissan,NV3500,2012,JN8AS5MT9DW490445
87,Lincoln,Continental,1998,2D4JN1AG1BR666870
88,BMW,745,2002,SCFFDCBD9CG680252
89,Maserati,Karif,1990,1G6DK5E38D0198332
90,GMC,Suburban 2500,1993,5YMGZ0C54E0529347
91,Buick,Estate,1990,JTEBU5JR7C5478796
92,Volkswagen,Golf,2011,WVWAP7AN5EE501706
93,Pontiac,Grand Am,1990,WBA3R1C56EF701711
94,Audi,Allroad,2004,1C3CCBBB7DN626706
95,Pontiac,Bonneville,1987,KNAGM4AD5B5239543
96,Volvo,S40,2005,3C63DRGL9CG335108
97,Nissan,Sentra,2002,WBAWV13508P071384
98,BMW,Z4,2008,WBA3B1C59EP868613
99,Dodge,Charger,2009,WA1LGAFE9BD310932
100,BMW,3 Series,1993,1YVHZ8BH0C5708938
101,MINI,Cooper Clubman,2011,WDDEJ7EBXBA786317
102,Hyundai,Sonata,2002,3C6TD4MT8CG553256
103,Ford,F150,1996,1GD422CG9EF334866
104,Mazda,MPV,1996,2C3CA3CV2AH773394
105,Saab,9-5,2009,WBAWR33569P905952
106,Buick,Rendezvous,2004,2FMDK3AK8CB414636
107,Mercedes-Benz,SL-Class,1987,JH4KA96534C758673
108,Infiniti,QX,2000,YV4952CZ5E1830034
109,Audi,100,1994,137ZA90381E191290
110,Buick,Rainier,2006,WAUDF98E66A384922
111,Suzuki,Reno,2006,WBAFR7C53DD011019
112,Land Rover,Sterling,1991,WAULC68E25A791119
113,Saab,9000,1998,WBAYB6C50ED412388
114,Jaguar,X-Type,2004,1N6AF0LY7EN706071
115,Ford,Aspire,1994,WAUHFAFL8EN103165
116,Mercury,Tracer,1997,WDDJK6FA3FF579790
117,Ford,Transit Connect,2011,WBAGN83423D728121
118,Dodge,Ram 3500 Club,1995,WA1CFAFP7BA653714
119,Toyota,Corolla,2005,2LMDJ6JK2EB218013
120,Lexus,GS,2003,JH4KB166X8C395432
121,Mercedes-Benz,W201,1989,JM1CW2BL0D0949892
122,Ford,Explorer Sport Trac,2000,WAUSF98K79A180759
123,Ford,F150,2012,1FTEX1EW6AF316177
124,Oldsmobile,98,1994,WA1CGAFE6ED371062
125,GMC,Yukon XL 2500,2007,WAUPL58E35A444815
126,Pontiac,Firefly,1991,2C3CDXCT8CH336838
127,Dodge,Ram 1500,1999,1GYS4GEF4BR784923
128,Volkswagen,Cabriolet,1989,WDDGF4HB4DR595422
129,Saab,900,1993,2HNYD18224H050641
130,Lexus,LX,2013,19UUA656X5A192092
131,Nissan,Murano,2003,WDDHF5KB7EA765727
132,Toyota,4Runner,2003,WBAKB0C55AC890163
133,Daewoo,Lanos,1999,3C6JR6CTXDG638557
134,Nissan,Frontier,2000,WBSKG9C51CE215189
135,Dodge,Ram 1500,2010,2HNYD28507H053283
136,Pontiac,Grand Am,1993,5TDBY5G10FS309888
137,Mitsubishi,Outlander,2006,1GYS3KEF5CR992512
138,Lincoln,Continental,2001,1C4SDHCT8CC796128
139,Ford,E-Series,2003,1GKS1AE09DR076536
140,Pontiac,Grand Prix,2003,WVWAN7AN2EE557849
141,Lamborghini,Countach,1985,WAULD54B13N261541
142,Cadillac,DeVille,1993,WDDNG7BB0BA154526
143,Mazda,626,1990,5N1AZ2MG1FN728205
144,Dodge,Ram 1500 Club,1995,KMHHT6KD7EU055389
145,Mercedes-Benz,W201,1992,1FTSW2B54AE860948
146,Jeep,Compass,2010,19XFA1E67BE689006
147,Chevrolet,Corvette,1964,1FTEX1CM5BF356625
148,Lotus,Elise,2011,1GD312CG0EF656567
149,BMW,3 Series,2001,ML32A3HJ8FH815158
150,Toyota,Solara,1999,WA1DGBFP9DA510984
151,Isuzu,Axiom,2002,1G4GD5GG8AF249689
152,Mercedes-Benz,CL-Class,2008,WBAFR9C54DD931785
153,Chevrolet,Traverse,2009,2T3BF4DVXBW203058
154,Lexus,IS,2004,5UXZV8C55CL882668
155,Mercury,Sable,1998,WA1LGAFE9BD327441
156,Hyundai,Accent,2013,1FTEX1CWXAF011882
157,Chevrolet,Corvette,1968,WVGAV3AX6DW029052
158,Saturn,Relay,2006,JN8AS1MU4BM474521
159,Suzuki,Grand Vitara,2005,1FTSW3B58AE821141
160,Ford,Thunderbird,2002,5YMGY0C54AL374469
161,Ford,Econoline E150,1992,19UYA41733A176320
162,Jeep,Liberty,2010,1FAHP3FN2AW641027
163,Hyundai,Sonata,2005,1FMJU1J53AE766570
164,Acura,TSX,2010,JM1NC2LF2D0422172
165,Pontiac,Bonneville,1966,2D4RN3D11AR192598
166,Volkswagen,Passat,1988,SALSF2D48CA975319
167,Mitsubishi,Outlander,2005,5J6TF1H57DL986059
168,BMW,M5,2008,1FMCU0F71EU576405
169,Volkswagen,CC,2012,3GYFK66N53G131378
170,Chevrolet,Express 3500,1996,1G6KY54952U978063
171,Morgan,Aero 8,2006,3D7JB1EK5AG826022
172,Mercury,Topaz,1993,3D7TT2CTXBG763265
173,Buick,Roadmaster,1995,1FTEX1CM5CF502331
174,Subaru,BRZ,2013,WUAW2BFC4FN703598
175,Saab,9-3,2010,5N1AT2ML1EC608297
176,Chevrolet,Caprice Classic,1995,5LMJJ2JT1FE763901
177,GMC,Sonoma,2000,YV1672MS8B2830580
178,Volkswagen,Jetta,1999,YV440MBK2F1784186
179,Chrysler,Sebring,2009,5UXZV4C57DL774885
180,Volkswagen,Jetta,2009,19XFB2E57DE759214
181,Lincoln,MKX,2013,JTHBK1GG8F2126971
182,Ford,Festiva,1988,WBA6B2C55FD205397
183,Land Rover,LR2,2010,KNALW4D4XF6127289
184,GMC,Envoy,2005,1G6KD57Y29U759067
185,Pontiac,G5,2007,5GAKRDKD3DJ421170
186,Cadillac,Escalade EXT,2005,WAUCH74F49N941400
187,Chevrolet,Lumina,1999,WBA5A5C51FD940975
188,Volkswagen,Jetta,1989,WAUTFAFH9BN876762
189,Volvo,C30,2010,WAUSG94F99N018811
190,Toyota,Avalon,2010,KMHGN4JE8FU340415
191,Chevrolet,Suburban 2500,1992,WDDGF5EB4BA872723
192,Acura,MDX,2001,1GT022CG7EF797205
193,Land Rover,Defender Ice Edition,2010,WBABS33401J530397
194,GMC,Canyon,2010,WAUPL68E75A197241
195,Oldsmobile,Cutlass Supreme,1994,3VWF17AT2FM137422
196,Toyota,Land Cruiser,2001,5N1AR2MM4DC674543
197,Lincoln,Continental,1991,WBAAX13475P515853
198,Volkswagen,Rabbit,2008,WAUKD98P36A427174
199,Hyundai,Veracruz,2007,WAUHGBFC3CN930491
200,Subaru,Leone,1985,1FTKR1AD3AP196303
201,GMC,Jimmy,2001,WAUKF98E96A148966
202,Mitsubishi,3000GT,1996,1GD02ZCG0DZ082154
203,Mazda,B-Series Plus,1992,JTHKD5BH1B2430073
204,Land Rover,LR3,2005,WAUKG98E96A576100
205,Toyota,Corolla,1998,4USBT33444L776730
206,Lamborghini,Countach,1988,1G6AM5S36D0239879
207,Ford,Escort,2004,1C3CDZCB6CN456695
208,Mercury,Mystique,1995,1D4PT4GK2AW286486
209,Audi,Cabriolet,1996,JN1AV7AP9FM267412
210,Infiniti,I,1996,1G4HD57267U718114
211,Oldsmobile,Aurora,1999,JH4CU2E84DC960372
212,Dodge,Ram 2500,1998,WP0CB2A85FS122454
213,Kia,Sorento,2009,WA1CMAFEXAD372198
214,Mitsubishi,Montero Sport,1997,WBALM73539E532583
215,Saab,9-3,2007,19UUA9F58DA136867
216,Toyota,Camry Solara,2006,5J6TF2H55FL337031
217,Maserati,Quattroporte,2008,3VW467AT0CM444303
218,Hyundai,Santa Fe,2004,1GYS4CEF6DR423558
219,Mazda,Miata MX-5,2006,WDDLJ7DB1EA487487
220,Honda,CR-X,1988,1G4HP52K454188074
221,Nissan,350Z,2007,WAUTFAFH5BN467044
222,Mitsubishi,Pajero,1994,1G6AB5R3XF0887384
223,GMC,Sonoma Club Coupe,1996,1G6KD57Y08U569038
224,Dodge,Neon,2003,3VWPG3AG8AM506193
225,Chevrolet,Cobalt,2005,1FTEX1C85AF496322
226,Jaguar,XJ Series,2005,5J6TF1H30AL782780
227,Honda,Accord,1984,WBA3N7C52FK713930
228,BMW,X6 M,2010,JTDJTUD36DD384663
229,Chrysler,PT Cruiser,2010,1FMCU4K31AK747377
230,Ford,Mustang,1964,1D4PT7GX4BW452215
231,Acura,NSX,1996,1G4GA5GC7AF873277
232,Ford,F350,2009,JN8AF5MR2ET065791
233,Chevrolet,Camaro,1975,1C3CDZCB4CN161627
234,Oldsmobile,Bravada,2004,2HNYB1H60CH229901
235,Dodge,Durango,2008,3D73Y3CL4BG739292
236,Honda,CR-V,2010,4USCN33472L412362
237,Ford,ZX2,2001,1G6DV8EP3D0017441
238,Cadillac,Seville,1998,3C3CFFJH9FT012506
239,GMC,Sierra Denali,2006,2G61T5S31F9868560
240,Buick,Electra,1989,JTEBU5JR0B5620887
241,Buick,Century,1986,SCBCU7ZA5BC579299
242,Toyota,Celica,1995,WBAKP9C55FD855873
243,Nissan,Armada,2011,WAUBFAFL3FN709299
244,Lexus,LFA,2012,WAUGU54D31N538125
245,Ford,F150,1999,2HNYD2H39DH176820
246,Kia,Sedona,2010,JTJBM7FX4C5001599
247,Ford,Bronco,1985,WAUHF78P86A747163
248,Mercedes-Benz,CL-Class,2006,3VW1K7AJ0EM721614
249,Ford,Transit Connect,2010,JN1AZ4EH5FM240665
250,Chrysler,New Yorker,1995,WAUKH98EX6A582081
251,Lincoln,Continental Mark VII,1985,JM1NC2LF2D0510218
252,Dodge,Ram 1500,1999,WAUJFAFH0AN219273
253,Buick,Regal,2012,5N1AA0NC7FN837615
254,Lexus,ES,2012,WBALL5C57CJ017396
255,Porsche,Cayenne,2009,WAUEH78E58A503243
256,Chevrolet,S10,2002,1N6AA0CC8EN962495
257,Porsche,911,1988,1NXBE4EE2AZ885782
258,Jeep,Wrangler,2002,JA32X2HU0BU261212
259,Audi,RS4,2008,1D7RB1CP7BS637223
260,Mercedes-Benz,600SEL,1993,WBAAX13444P982081
261,GMC,1500 Club Coupe,1994,WA1DGAFP9EA036448
262,Toyota,Solara,2007,1G6DH5EY6B0927015
263,Honda,Passport,1998,WBAEN33442E140823
264,Nissan,Armada,2006,1G6AW5SX2F0819470
265,Buick,Lucerne,2009,3N1AB7AP9FL522322
266,Ford,Crown Victoria,2009,1G4HK5ES7BU476550
267,Plymouth,Acclaim,1993,2T1BURHE0FC009961
268,Ford,Mustang,1987,3N1CN7AP6EL514855
269,Lotus,Exige,2010,5FNYF3H28DB694310
270,BMW,3 Series,2004,1FTSS3EL0AD712975
271,Dodge,Ram 1500,1996,WBAKE3C58BE814029
272,Aston Martin,DBS,2009,1GYS3CEF7DR787359
273,Mercedes-Benz,G-Class,2011,WAUAT48H15K757222
274,Subaru,Brat,1985,2G4WD532051329961
275,Nissan,Xterra,2003,1GYS3AEF8DR538072
276,Hyundai,Sonata,2005,WUARL48H19K761852
277,Ford,F150,1999,4T1BF1FK2EU122358
278,Mazda,CX-9,2008,SCBLF34F02C062997
279,Ford,Expedition EL,2011,3FA6P0SU8DR682627
280,Toyota,Camry Solara,2007,5TFAW5F16EX620432
281,Honda,Civic,2004,WAUKFBFL2AA970624
282,Jaguar,XK Series,2001,WUARU98E57N712942
283,Ford,Mustang,1986,19XFB2E59CE306663
284,Toyota,Corolla,2000,1GYS3KEF4DR075546
285,Chevrolet,Suburban 1500,2004,WAUDGBFL4CA608920
286,Nissan,300ZX,1995,WBA3C3C56EP763102
287,Nissan,Sentra,1996,3C4PDCDG9FT810525
288,Ford,Mustang,1991,JA4AP3AU3CZ203266
289,Jaguar,XK Series,2000,KNDKG3A2XA7950543
290,Chevrolet,Avalanche 1500,2004,WBAKB0C51CC763431
291,Volvo,S80,2006,19UUA56953A586258
292,Ford,E-Series,1990,2LNBL8CV5AX231044
293,Audi,V8,1990,WA1WGBFP4EA873140
294,Chevrolet,Camaro,2000,19UUB2F78FA406835
295,Volkswagen,Corrado,1994,WBA3D3C59EF952233
296,BMW,M3,1999,WBAVA37518N419606
297,Infiniti,QX,1998,3C6JD7DP4CG030697
298,Chevrolet,Classic,2005,WP0AA2A85AU086482
299,BMW,7 Series,2007,1G4GD5G39FF903765
300,Isuzu,Trooper,2000,19VDE1F76DE621875
301,Suzuki,Aerio,2004,WAUML54B73N876568
302,Jaguar,S-Type,2002,WVWAN7AN2DE717159
303,Chrysler,Sebring,1999,2G4GS5GX6F9328431
304,Acura,TSX,2011,3VWPG3AG9AM498475
305,Subaru,XT,1986,2FMDK4JC4AB516902
306,Volvo,S40,2010,3VW4T7ATXEM494489
307,Mercury,Mountaineer,2006,1G6AH5RX6F0176282
308,Honda,Pilot,2003,JN1CV6FE1BM199689
309,GMC,Sonoma Club Coupe,1994,JN8AZ1FY4DW885503
310,Audi,A3,2008,WBAFR7C53DC281826
311,GMC,Vandura 1500,1992,4A31K2DF5BE624159
312,Saturn,S-Series,1997,WBADN63473G461032
313,GMC,Sierra 3500,2006,1B3CB1HA8AD712679
314,GMC,Acadia,2007,WAUAFAFH3EN043485
315,Chevrolet,Camaro,2012,JM1CW2CL0F0180442
316,Eagle,Vision,1995,1G6AK5SX9D0334798
317,Honda,Passport,1997,WAUDF78EX8A513400
318,Toyota,Ipsum,2000,2C3CCABG2EH645471
319,Toyota,Matrix,2010,1C4RJEAG5FC869777
320,Volkswagen,Golf,2001,WA1CFAFP3FA997997
321,Ford,Explorer Sport Trac,2000,WBA3C1C55DF727023
322,Mercury,Tracer,1992,1C4AJWAG8FL310162
323,Chevrolet,Silverado 1500,2008,1GYS4GEF0CR990547
324,Oldsmobile,Achieva,1993,3N1AB7AP7FY828549
325,Land Rover,Range Rover,2007,JN1BY0AR7AM745808
326,Hyundai,Azera,2010,2V4RW3D17AR448016
327,Mitsubishi,3000GT,1992,1G6DF5EY4B0030863
328,Suzuki,SX4,2009,JTDKDTB37F1966239
329,Volkswagen,Golf,2004,1GYS4EEJXBR357982
330,Oldsmobile,Intrigue,2002,5NPEB4AC6CH579096
331,Ferrari,599 GTB Fiorano,2010,JTJBJRBZ3F2063416
332,Chevrolet,Astro,2005,JN8AZ2NC9E9267380
333,Mercedes-Benz,E-Class,2010,JTEBU4BF4BK005601
334,Nissan,Rogue,2012,KNADH4A35B6738707
335,Mercury,Grand Marquis,2004,WBAVM5C59FV755302
336,Saturn,S-Series,1997,WA1YL64B34N074119
337,Pontiac,Firefly,1987,1G4HR57Y96U289300
338,Chevrolet,Corsica,1992,3GYFNKE47AS782160
339,Volkswagen,Routan,2009,JM1NC2LF4C0734959
340,Mercedes-Benz,W201,1993,1G6KD57Y29U902227
341,Pontiac,Firefly,1994,WAUAH74F67N694207
342,GMC,Canyon,2012,2C4RDGAG4CR744498
343,Chrysler,Concorde,1994,1FTFW1E82AF664910
344,Toyota,T100 Xtra,1997,1GYFK43559R686154
345,Ford,Windstar,1999,WAUVC68E94A060078
346,Suzuki,Daewoo Magnus,2004,1G6DC8EG0A0879498
347,Cadillac,Catera,1997,WAUHFAFL8CN904434
348,Volvo,C70,2004,WA1DGBFP1DA626955
349,Volkswagen,New Beetle,2005,KMHHT6KD5BU401919
350,Honda,Passport,1995,1C6RD7NT4CS544007
351,Kia,Sportage,2006,WDDDJ7CBXAA275090
352,Buick,Regal,1985,1G6DM5ED1B0944507
353,Mitsubishi,Sigma,1989,SALAC2D40CA410048
354,Ford,F-Series,1989,SALWG2VF3FA043547
355,Toyota,Tacoma Xtra,1999,JH4KA965X1C893984
356,Honda,Odyssey,2002,JH4KA965X2C899933
357,Pontiac,Trans Sport,1997,JM1CR2W30A0266961
358,Isuzu,Hombre,1999,SALVN2BG5DH529604
359,Buick,Regal,1992,WAUBFAFL9EA241987
360,Maybach,57,2006,TRUDD38J491224714
361,Pontiac,Bonneville,1995,JHMZF1C66DS126304
362,Honda,CR-Z,2012,WAUSH98E46A196269
363,Chevrolet,G-Series 1500,1996,3GYFK22269G587516
364,BMW,6 Series,1989,JN1BY1AP7FM829722
365,Mitsubishi,Endeavor,2006,1G6AH5S36E0315350
366,GMC,Safari,1994,2C3CDXEJ1EH545188
367,Lotus,Esprit,1986,SCFAB22331K705657
368,Mercedes-Benz,S-Class,2012,WBAFZ9C56CC571021
369,Hyundai,Genesis Coupe,2011,1G6DS8E3XD0113654
370,Toyota,Highlander,2009,1N6AF0KX5FN969430
371,Buick,LeSabre,1999,137FA84371E325522
372,Jeep,Wrangler,2009,YV1612FH2E2086479
373,Mazda,MPV,1998,1G6DV1EP0F0252681
374,Rolls-Royce,Phantom,2010,2G4GN5EX0E9824155
375,Toyota,Tacoma Xtra,1998,2D4RN4DE4AR682171
376,Dodge,Ram Van 3500,1998,WVGAV3AX0EW805290
377,Mazda,MX-5,2003,SALCP2BG0FH948982
378,Ford,Explorer Sport Trac,2004,JA32X2HU5BU000707
379,Chrysler,Town & Country,1992,JTDJTUD38ED614592
380,Lexus,LX,1999,KNAFK4A63F5464522
381,Audi,TT,2000,WAUKH94FX7N769720
382,Subaru,Alcyone SVX,1993,1C4NJPBA7ED349898
383,Nissan,Versa,2009,WBA3V7C59EP746926
384,Cadillac,CTS,2010,JTDJTUD37ED783096
385,Toyota,Avalon,2011,1C3CCBBB0EN021329
386,Honda,Element,2007,1FTSW3B5XAE377423
387,Buick,Regal,2001,WBAEV53463K384035
388,Nissan,Frontier,2011,1G4GG5E37CF484949
389,Lotus,Evora,2010,3D4PH3FG2BT882472
390,Pontiac,G6,2007,WBAWL13548P296235
391,Audi,A6,2006,YV1940AS0B1108251
392,Toyota,Tacoma,1995,5J8TB3H51FL435031
393,Dodge,Durango,2011,SALGR2WF5EA774606
394,Subaru,Outback,2007,WBAAW334X1E889460
395,Oldsmobile,Cutlass Supreme,1997,2C3CCAAG4FH120687
396,Lexus,IS,2003,2G4WB55K621589957
397,Oldsmobile,Cutlass,1999,WBAUN1C56AV406351
398,Toyota,Prius Plug-in,2012,1FMJK1H54CE692378
399,BMW,Z8,2000,1D7CE3BK9AS860392
400,Honda,Prelude,1995,WAUYGAFC5DN661048
401,Hillman,Minx Magnificent,1950,WBAUP9C56AV713057
402,Buick,Regal,1994,WA1MYAFE6AD285018
403,Chrysler,300,2006,1G6KD5EY9AU094000
404,Mercedes-Benz,300CE,1993,WA1YD64BX5N469221
405,Honda,Prelude,1985,WA1DGBFE7BD022157
406,Ford,E150,2006,YV1612FH1D1629535
407,Dodge,Daytona,1984,WAUBT48H15K349310
408,Mercury,Monterey,2007,2HNYD182X3H724422
409,Chevrolet,Metro,2001,WBA3T3C52FP561214
410,Mitsubishi,Montero Sport,1999,WAUAFAFH4CN990936
411,GMC,Sierra 1500,2002,1GYS4EEJ3CR206273
412,Audi,A4,2003,WBSBR93433P095336
413,Lexus,GS,1998,WVGAV7AX4BW564448
414,Chevrolet,Suburban 2500,2003,19UYA42752A146586
415,Toyota,Sienna,2008,WBS3R9C59FK003225
416,Maserati,Spyder,2005,JN8AE2KP7C9803548
417,Pontiac,Grand Prix,1978,3D7JB1ETXBG931925
418,Nissan,Altima,2013,1G4GB5GR2EF072439
419,Chevrolet,Express 3500,2000,5NPDH4AE9CH120026
420,Nissan,Frontier,2002,JTDJTUD36DD981263
421,Mercury,Cougar,2002,WBADT53482C526069
422,Ford,E-Series,2007,TRUSC28N741246836
423,Toyota,Avalon,1996,JM1CW2BL6C0086563
424,Acura,TSX,2007,1FTSW2B57AE870373
425,Volvo,V40,2002,3D73M4EL2BG090882
426,Volkswagen,GTI,1998,3VWKX7AJ0BM398490
427,Chevrolet,Blazer,1994,WBADS43441G692500
428,Mercury,Topaz,1987,1G4HR54K034096397
429,Plymouth,Neon,1995,WBA3N9C54EK326161
430,Saturn,Aura,2008,JN8AZ1MU9CW133763
431,Hyundai,Veracruz,2008,4T1BD1EB2DU392325
432,BMW,Z4 M,2006,1G4GB5GR2EF740725
433,Nissan,Pathfinder,2011,SAJWA4EB2EL722098
434,Oldsmobile,88,1993,SAJWA1C75D8012921
435,Audi,200,1989,1D4SD6GT1BC091283
436,Chevrolet,Blazer,2004,1D4RD2GG0BC925666
437,Toyota,Avalon,2007,WA1DGBFE6DD024291
438,Bentley,Continental GTC,2008,WA1DGAFPXEA247397
439,Volkswagen,CC,2011,WAUED54B71N759409
440,Pontiac,Firefly,1985,3C3CFFCR0ET134062
441,Hyundai,Santa Fe,2006,WAUVC58E15A824713
442,Mazda,MX-6,1993,YV4902DZ0D2649395
443,Volkswagen,GTI,1993,19VDE1F30FE190207
444,Audi,A6,2001,2HNYD18281H086412
445,Oldsmobile,Cutlass Supreme,1993,WBAFR7C53BC696903
446,Chrysler,Town & Country,2000,SAJWA1C75D8300261
447,Chevrolet,Impala,2007,5NPDH4AE5DH740163
448,Cadillac,CTS-V,2007,WBAKE5C5XBE565647
449,Mitsubishi,Mirage,1992,1FTFW1E8XAK659591
450,Dodge,Neon,2003,WBA3T3C55EP528335
451,Ford,Fusion,2010,1G6DJ5E37D0900420
452,Kia,Sportage,2008,WBALY1C50ED083252
453,Chevrolet,Corvette,2011,JTDZN3EUXD3458865
454,BMW,5 Series,1993,WAUVFAFH1AN725048
455,Pontiac,Turbo Firefly,1988,JTJBARBZ0F2131638
456,Hyundai,Elantra,1994,SAJWA4DC6FM856179
457,Volvo,940,1992,1N6AD0CU3BC491458
458,Pontiac,Bonneville,1986,WBA3B9G59EN491804
459,Eagle,Summit,1994,2G4WC582491640942
460,Pontiac,Vibe,2008,1C3CDFCA9DD364851
461,Cadillac,Escalade EXT,2008,1G4GG5E38CF051981
462,Mazda,Mazda6,2004,WBAEA535X9C438752
463,Nissan,Sentra,1997,3FAHP0HA6AR899174
464,BMW,Z8,2002,1G6DC67A290265500
465,GMC,Sierra 2500,2002,5GADT13S442526381
466,Dodge,Ram 2500,2000,JTHBL5EF6F5796905
467,Buick,Park Avenue,2000,1N6AA0CJ9EN812295
468,Mercedes-Benz,C-Class,2006,4T3BA3BB6AU413995
469,Eagle,Vision,1995,WAULF78KX9N474867
470,Scion,xA,2004,5N1AN0NW9FN597501
471,Dodge,Caliber,2009,1N6AA0CA7DN004798
472,Ford,Tempo,1994,3C6JD6BP8CG949969
473,Mitsubishi,Eclipse,2002,SAJWA0FB9BL284246
474,Ford,E250,2006,JN8AF5MR7BT721673
475,Mitsubishi,Mirage,1997,WA1DGAFP4DA702050
476,Hummer,H1,2000,1G6AJ5SX3F0371318
477,Chevrolet,Corsica,1996,1G6AH5SX9D0992703
478,Ford,Ranger,2000,1GD11ZCG8CF025806
479,Mazda,RX-8,2007,WAUJT58E23A827986
480,Chevrolet,Tahoe,2005,1C3CCBCB9CN138127
481,Toyota,Camry,1999,5GAKRBKD3EJ420591
482,Pontiac,Grand Am,1999,1GD02ZCG7CZ200859
483,Ford,F150,2003,WAUDFAFC6EN642673
484,Nissan,GT-R,2009,WBAFR9C58CC245706
485,GMC,Envoy,1999,1G6DU6EV2A0590221
486,Ford,Mustang,2002,4A4AP3AU1FE299845
487,Ford,E-Series,1994,3C3CFFFH2DT431884
488,Pontiac,G8,2009,1GD12ZCG7BF138612
489,GMC,Vandura 1500,1992,TRUTX28N121020507
490,Audi,S6,2002,JTEBU5JR7C5465756
491,GMC,Sierra 1500,2010,1FMJK1H51DE575343
492,GMC,Sonoma,1997,WP1AE2A21DL573460
493,Infiniti,JX,2013,3VW507AT8FM614871
494,Mazda,B-Series,1996,JTDZN3EUXFJ548287
495,Volkswagen,Rabbit,2010,WBA3R5C52EK933107
496,Mitsubishi,Outlander,2005,KNADM4A37E6787584
497,Lexus,IS-F,2012,JHMZE2H36CS692551
498,Audi,S6,2007,3VW1K7AJ2DM679123
499,Isuzu,Oasis,1998,5J8TB4H31DL766323
500,Audi,Quattro,1992,2HNYD18665H921724
501,Alfa Romeo,Spider,1993,WBSKG9C5XBE312521
502,Ford,Econoline E150,1994,1ZVBP8JZ8E5097066
503,Subaru,Outback Sport,2002,WBAVT73528F104346
504,Lexus,ES,2006,5FNRL5H28FB054786
505,Dodge,Charger,1969,WAUGU44D82N117478
506,Mitsubishi,Galant,1998,SCBLC37F53C593800
507,Plymouth,Prowler,1999,5NPDH4AE0DH370613
508,Hyundai,Sonata,1992,SCFEBBBK5DG593654
509,Nissan,Maxima,2000,2T1KE4EE3CC513212
510,Suzuki,Vitara,2003,WDDLJ9BB1FA068782
511,Mazda,MX-5,2011,1FTEX1CM2BK895002
512,Volvo,S80,2001,3CZRE3H56BG798782
513,GMC,Jimmy,2001,YV140MAK6F1216800
514,Dodge,Ram Van 3500,1997,1FTWW3B55AE741216
515,Mitsubishi,Eclipse,2003,5N1AR2MM1EC836257
516,Isuzu,i-370,2008,1N6AA0EC6FN610143
517,Oldsmobile,Aurora,1999,WAUGN94F49N684891
518,Audi,A5,2009,WAULC58EX3A428526
519,BMW,5 Series,2006,19UUA66256A190456
520,Mercury,Mountaineer,2003,JN1AV7AR0FM106660
521,Chrysler,Town & Country,1994,2FMDK3JC4AB161935
522,Honda,S2000,2002,1N6AA0ECXFN252268
523,MINI,Cooper,2006,5N1AN0NW6FN474335
524,BMW,530,2005,3D73M3CLXBG076368
525,Ford,Ranger,2005,WA1BV94L17D600767
526,Oldsmobile,Cutlass Supreme,1993,1G6DS1ED3B0804196
527,Dodge,Ram 1500 Club,1999,WBXPA93406W759318
528,Jeep,Wrangler,1993,5N1AZ2MH4FN586084
529,Porsche,911,1997,WBAKF9C55CE611388
530,Toyota,Supra,1997,1G6DX67D080126012
531,Subaru,Impreza,2006,WAUAKAFB3AN134385
532,Ford,Thunderbird,1967,WA1DGBFE5DD893982
533,Audi,S6,2011,5FNYF3H41EB398497
534,Dodge,Ram 3500,2001,JA4AP3AU0CZ422525
535,Mercury,Montego,2006,1LNHL9EK9FG340008
536,Ford,Aerostar,1994,WAUAFAFL2FN932218
537,Lexus,GS,2013,WAUEL94F15N396348
538,Suzuki,Daewoo Magnus,2005,WBALL5C53EJ957780
539,Dodge,Ram Van B250,1994,JN8AS5MT6CW088557
540,Volkswagen,Phaeton,2004,JM1BL1K59B1556058
541,Kia,Optima,2010,1FTWF3C50AE801692
542,Saturn,L-Series,2003,YV4902BZ9E1370733
543,MINI,Cooper Countryman,2011,WUAW2BFC6EN060105
544,Pontiac,Sunbird,1989,1J4NF1FB4BD906886
545,Land Rover,Freelander,2002,WA1CGAFE2ED877911
546,Volkswagen,Type 2,1985,JN8AE2KP5E9825793
547,Mercedes-Benz,SLK-Class,2011,WAUDV74FX7N832238
548,Ford,F150,1999,5UXZV4C58CL542908
549,Volkswagen,Touareg,2006,2C3CDXJG5EH834360
550,Volvo,V70,2007,WBA3A9C51CF857786
551,Mazda,Mazda6,2010,JN1CV6FE1BM070819
552,Ford,GT500,2009,1G6YX36D385995482
553,Mercury,Mystique,1999,1C4SDHCT6CC143832
554,Chevrolet,Corvette,2007,KMHGH4JH6FU479086
555,GMC,Sierra 2500,2009,1FTSF3B58AE635132
556,Chevrolet,Metro,1998,SAJWA4DC8AM496146
557,Mazda,MPV,1997,1GYFK53249R040986
558,GMC,Suburban 2500,1997,WBAYM1C56DD681605
559,Mitsubishi,Tredia,1985,1C4SDHCT5CC078875
560,Ford,Escort,1992,WAULC58E44A636662
561,Volkswagen,Fox,1989,19UUA9F59DA645690
562,Land Rover,Range Rover,2001,WBAEB53508C988926
563,Pontiac,GTO,2005,WAUJC68E05A350497
564,Chevrolet,Silverado 2500,2010,JH4KB2F62CC534371
565,Mitsubishi,Lancer,2006,1G6DJ577090414653
566,Honda,Accord,2003,1G6DZ67A680370344
567,Audi,S4,1994,WBA5B1C51FD495451
568,GMC,Envoy,1999,SALAB2V61FA456043
569,Lamborghini,Diablo,1995,5UXFB53564L737733
570,Audi,A8,2008,WAUKF78E65A030795
571,Acura,MDX,2007,2V4RW3DG5BR750961
572,Porsche,944,1988,3GYFNBE3XFS815778
573,Lexus,GS,2003,WBA3F9C54EF424516
574,Ford,Aspire,1994,WAUFFAFC6EN635800
575,BMW,Z8,2001,WBSBL93423J851842
576,Mercury,Marquis,1985,1C3CDFCA9DD494337
577,Chevrolet,Impala,2000,WBAVC735X7A988418
578,Saab,9-5,2008,1B3CB5HA3AD479270
579,Hummer,H2,2005,KNAFK4A60E5460880
580,Cadillac,DTS,2010,3D7TP2CT6BG765535
581,Isuzu,VehiCROSS,2000,WVWAW7AH8BV380629
582,Dodge,Neon,1996,JTMHY7AJ1E4483672
583,Chevrolet,Silverado 1500,2002,1G6AJ1R33F0594003
584,Chevrolet,Express 1500,2012,3D7JV1EPXAG188367
585,Mitsubishi,Tredia,1986,WAUVT58E23A834325
586,BMW,M5,1992,4USBU53508L838793
587,Chrysler,LeBaron,1995,1FTSW2A56AE599081
588,Mazda,MX-5,1999,WBAKE5C53DJ488615
589,Ford,E350,2004,5UMDU93527L388645
590,GMC,1500,1997,1GYS4CKJ1FR522946
591,BMW,3 Series,1995,WAUGFAFC4DN739950
592,Cadillac,SRX,2004,WBAHN03536D180309
593,Ford,Laser,1989,WBAFZ9C5XDD979887
594,Ford,Explorer,2001,3C6TD4DT5CG457780
595,Chevrolet,Silverado 2500,2012,3D7LT2ET0AG332610
596,Mercury,Grand Marquis,1992,4A31K2DF0AE755451
597,Ford,Taurus,1986,5J8TB4H5XGL196179
598,Chevrolet,Cobalt,2006,WBAEW53462P752728
599,Ford,F250,2010,JTEBU5JR5C5459891
600,Dodge,Dakota,2006,JTDZN3EU9EJ442038
601,Pontiac,Grand Prix Turbo,1990,3VW1K7AJ9CM211646
602,Dodge,Dakota,2009,1C4RJEAG1FC616262
603,Dodge,Ram 2500,1994,1FMJK1K52AE544929
604,GMC,Savana,2009,WBAKP9C58FD817828
605,Kia,Sportage,2011,SCFEBBAKXBG338285
606,Ford,Crown Victoria,1995,3C4PDCEG5FT009864
607,Jensen,Interceptor,1967,2C3CDYBTXDH316700
608,Lincoln,Continental,1984,1GTN1TEXXDZ849452
609,Audi,TT,2009,KL4CJBSB0DB460297
610,Mercury,Topaz,1994,5NPET4AC3AH130825
611,Honda,Accord,1995,SCFHDDBT6EG662770
612,Pontiac,GTO,2004,WAUSG78E26A816964
613,Audi,Allroad,2004,5N1AT2ML3FC357588
614,Plymouth,Acclaim,1995,1G6DS1E33C0020805
615,Aston Martin,DB9,2005,1B3CC5FB0AN548287
616,Subaru,Outback,2006,SCFBF03B88G212136
617,Mercury,Cougar,1967,1GTN1TEH9EZ802763
618,Hyundai,Veracruz,2007,SAJWA4DB2DL784486
619,Daihatsu,Rocky,1992,WBAVM1C56EV993857
620,Lotus,Esprit,1997,3C4PDDAG6ET234580
621,BMW,650,2006,KNALW4D44F6521581
622,Dodge,Stratus,2002,3C6TD4HT0CG431355
623,Chevrolet,S10 Blazer,1993,WAUCFAFR4EA159982
624,Chevrolet,Aveo,2008,WAUXF98K19A798598
625,Infiniti,QX56,2007,1G6DC8E39E0786224
626,Buick,Rainier,2007,JM1NC2LF2E0722926
627,Saab,9-7X,2006,WBAVM1C59DV375298
628,GMC,Sonoma Club,1992,WBASP4C53BC669932
629,Chrysler,300M,2004,2G61V5S80F9112868
630,Dodge,Challenger,2009,WAULL44E85N623438
631,Audi,4000s Quattro,1986,WAUVT58E43A448599
632,Dodge,Dakota Club,2000,KMHCM3AC8AU255240
633,Porsche,Cayman,2012,1FTEX1C87AK527187
634,Cadillac,DeVille,1997,SCBDR33W17C128123
635,Ford,Escort,1999,1G6DG1E30E0031264
636,Jaguar,XK,2011,5TDDK3DCXBS634157
637,Mitsubishi,Precis,1994,JTHDU5EF9C5998509
638,Mazda,929,1989,KNADH5A34A6438046
639,Chrysler,Town & Country,1995,1C4NJCBA3FD294358
640,Ford,Thunderbird,1995,2T1KE4EE8BC445441
641,BMW,1 Series,2009,1G6DJ5ED1B0772455
642,Buick,Electra,1989,KL4CJBSB6FB525818
643,BMW,6 Series,2012,JTHBW1GG7F2552431
644,Pontiac,6000,1986,WAUKF98E48A380538
645,Chevrolet,Corvette,1987,3GYVKMEF6AG086314
646,Chevrolet,Impala,1994,KL4CJDSB9FB466453
647,BMW,5 Series,2006,5UXFH0C51AL852317
648,Dodge,Dakota Club,2001,WAUBF78E48A253535
649,Chevrolet,3500,1994,WAUVFAFHXAN343214
650,Honda,Civic,2012,WBAVB335X6K562443
651,Jaguar,X-Type,2002,WBA3V5C53EJ199644
652,Mercedes-Benz,SL-Class,1995,WA1BV74L38D405534
653,Lincoln,Navigator L,2010,2C4RDGEG3DR448562
654,Suzuki,Aerio,2006,4T1BF1FK5EU291709
655,Mazda,MX-6,1991,19XFB4F22DE111389
656,Land Rover,Discovery,1996,1G6DM577090330226
657,Ford,Bronco II,1990,WAUYGBFC3DN370523
658,Honda,Civic,2009,WBA3B1C50DK207113
659,Scion,xB,2009,1N6AF0LYXEN177599
660,Audi,V8,1991,1J4PN2GK6BW263901
661,Isuzu,Rodeo,2001,JN1CY0AP5AM625279
662,Chevrolet,Corvette,1961,WBADT33453G645826
663,Ford,Econoline E350,1999,JN8AF5MR2BT410278
664,Oldsmobile,Alero,2003,3D73Y3CL7AG344828
665,Volkswagen,riolet,1992,2FMGK5B88FB091558
666,Dodge,Stratus,1999,1GYUCDEF2AR796478
667,Pontiac,Grand Prix,1963,WBADW3C54BE448351
668,Ford,Econoline E150,1993,1G6DM5E36D0819903
669,GMC,Envoy XL,2005,1C3CDFCA8DD868405
670,Volkswagen,Touareg,2010,WAUBFCFL5CN797991
671,Plymouth,Acclaim,1993,1D7RV1GT9AS417370
672,Kia,Spectra,2000,JN8AF5MR8FT826986
673,Mercury,Topaz,1986,KMHFC4DF8BA435607
674,Buick,Lucerne,2008,WBAGN63454D063477
675,Suzuki,Reno,2005,SAJWA0E72D8328090
676,Ford,F150,1996,WBAEH73405B868692
677,Chevrolet,HHR,2011,WBAVT73537F978901
678,Buick,Park Avenue,1992,WA1EY94L19D049148
679,Ford,F150,1997,1G6KD57Y17U526665
680,Audi,A6,2003,1FTEX1C86AK139609
681,Volkswagen,R32,2008,WA1LMAFE7CD196262
682,Land Rover,Range Rover Sport,2012,19UUA65565A108485
683,BMW,5 Series,2006,5TDDK3DC9CS640310
684,Nissan,200SX,1996,JM1BL1K58B1285302
685,Lexus,GS,1993,TRUWT28N321524145
686,Audi,S4,2004,JN1CV6FE0FM306026
687,Buick,LeSabre,1993,3GYFNGE36CS736293
688,Infiniti,Q,2000,WAUXF98K59A281935
689,BMW,530,2002,2G4WB52K811548426
690,Nissan,Altima,2005,WBA3R1C58FF562568
691,Volkswagen,riolet,1992,1FTMF1E82AF122438
692,Lincoln,Navigator,1999,JTHBE1D23F5252928
693,Mitsubishi,Galant,2008,SCBLE37G75C488407
694,Jaguar,XK,2007,WBA3R5C58FK331605
695,Mercury,Grand Marquis,1998,1D7CW3BK2AS228427
696,Scion,tC,2009,1C6RD7MTXCS481772
697,Kia,Spectra,2002,3C4PDCBB3FT579306
698,Mercedes-Benz,400SEL,1993,2B3CM5CT5BH505861
699,Ford,Explorer Sport Trac,2008,WA1AM94L19D888758
700,Jeep,Grand Cherokee,1998,5FNRL5H29CB016169
701,Mazda,Navajo,1991,1G6AU5S8XF0098524
702,Lexus,RX,2010,1GYUCDEF2AR008539
703,Mercedes-Benz,G-Class,2011,SAJWA0HP8EM042524
704,Chevrolet,Impala,2003,KL4CJBSB9EB257815
705,Lotus,Esprit,1988,1GKS1AE09DR276722
706,Nissan,Armada,2005,1FMCU4K33CK633786
707,Dodge,Caravan,1994,WAUKH74F26N168093
708,Dodge,Grand Caravan,2007,WA1WKAFP6CA641712
709,Audi,TT,2002,1G6DW67VX90841375
710,Infiniti,M,2008,1FTEW1E82AF461365
711,Toyota,TundraMax,2007,1FMJK1G5XCE890884
712,Subaru,Forester,2004,1FTMF1E86AF373396
713,MINI,Cooper,2007,1GYEE637490917954
714,Chevrolet,Lumina APV,1992,SCBGU3ZAXFC706483
715,Saab,900,1990,WBA3A9C55CF417067
716,Chrysler,Grand Voyager,2000,WUAW2AFC5FN363260
717,Pontiac,Grand Am,1985,2HNYD18636H154724
718,Toyota,Tacoma,2012,2T2BK1BA6CC315468
719,Ford,F250,1984,WAUKF98P19A633043
720,GMC,3500,1995,WBA3X5C56ED531357
721,Lexus,GX,2005,1N6AF0KY4FN712784
722,Mercury,Tracer,1997,JM1NC2MF0E0526742
723,Mercury,Marauder,2004,WAUDF98E48A505787
724,Volvo,S40,2001,1G6DK8E39D0054080
725,Suzuki,Grand Vitara,2004,1FADP3E21EL250951
726,Toyota,Echo,2005,WAUFFAFC1EN234400
727,Lexus,ES,2002,2G4GW5EV7B9497311
728,Buick,Skylark,1993,WBA3A9C51FF115389
729,Bentley,Continental,2011,WBAYA6C54DC729470
730,Chevrolet,3500,1995,1GD312CG6DF885561
731,Maybach,62,2010,3GYFK66N15G212932
732,Land Rover,LR4,2010,5FRYD3H2XEB957791
733,Volkswagen,Golf,1976,JN1AZ4EH6AM109642
734,Subaru,Impreza,2012,WBA3C3C52EK210962
735,Mitsubishi,Galant,1997,WAUDV94F39N261254
736,Chrysler,300M,2004,JM3KE2BE3F0470246
737,Buick,Regal,1995,1G6KE54Y72U039951
738,BMW,3 Series,2005,5YMGY0C54BL644110
739,Bentley,Arnage,2007,JN1EY1AP6DM904971
740,Volkswagen,Eurovan,2000,WDDLJ7DB1CA369453
741,Lexus,CT,2011,WBAFU7C54DD602006
742,Volkswagen,Cabriolet,1988,WBANF33597C457781
743,Mitsubishi,Challenger,2001,3D73M4HL0BG445754
744,Mercury,Marauder,2003,WP0AA2A99DS939362
745,Mazda,Miata MX-5,2005,WBAEN33445E920647
746,Porsche,Cayman,2008,1N6AA0CA8EN409473
747,Suzuki,SJ,1989,3C63D2GL8CG358760
748,Saturn,Ion,2004,WAUFFAFL4BN798991
749,Cadillac,XLR-V,2009,5J8TB4H58GL264799
750,Volkswagen,Cabriolet,1988,3D73M3CL1BG342666
751,Honda,CR-X,1985,3GYFNGEY2BS862063
752,Honda,CR-V,2005,1ZVBP8JS5C5082492
753,Pontiac,Torrent,2008,WAUGU54D31N525486
754,Saturn,Sky,2009,1GYS3NKJ8FR566442
755,Toyota,Land Cruiser,1998,WVGEP9BP9FD746217
756,BMW,M5,2009,WVGAV3AX1EW182486
757,Buick,Century,1992,5UXKR6C52F0350147
758,Lexus,LX,2005,1G6DA1E38D0941311
759,Maserati,GranTurismo,2012,YV126MFJ5F1335332
760,Plymouth,Voyager,1997,1FMJK1H51BE032684
761,GMC,Savana 2500,2003,5UXFB93523L327842
762,Volkswagen,Cabriolet,1985,1G4GE5G38FF810653
763,Lexus,SC,2010,1G6DP8ED7B0887349
764,BMW,1 Series,2008,2C3CDXGJ6EH160612
765,Toyota,4Runner,2002,WP0AB2A89CS087839
766,Land Rover,Discovery,2002,JN8AZ1MU3CW633627
767,BMW,8 Series,1992,3C4PDCEG5DT203419
768,Infiniti,JX,2013,WBA3V7C50F5557322
769,Chevrolet,1500,1999,2HNYD18482H019814
770,Spyker,C8 Spyder Wide Body,2004,2G4GR5EC8B9341994
771,Subaru,Legacy,2008,WVGAV7AX1BW724544
772,Chrysler,LHS,1995,4A31K2DF1BE512541
773,Chrysler,300,1999,SCBZB25E82C348912
774,Lexus,LS,2004,WDDGF4HB6DG250484
775,GMC,Acadia,2011,3VW4T7AT3EM441469
776,Pontiac,Trans Sport,1993,WBALZ3C51CD103367
777,Ford,E250,2009,2D4RN7DG4BR645223
778,Honda,Accord,1999,JH4CL95965C695119
779,Kia,Sorento,2011,2T1BURHE2EC145684
780,Chevrolet,Impala SS,1994,WA1YD54B73N706478
781,Chevrolet,Express 1500,2003,TRUSC28N011732545
782,Saturn,Astra,2008,3VW4A7AT9CM914777
783,Volvo,XC60,2011,WBABS53413E414522
784,Honda,CR-V,1997,JA32U2FU0DU000810
785,Mitsubishi,Chariot,1987,1G4CW54K634011792
786,Volkswagen,Golf,1995,WAUNF78P16A557529
787,Mitsubishi,Tredia,1984,JTHBP5C2XD5247175
788,Chrysler,Town & Country,2005,2C3CDXFG8DH699592
789,Oldsmobile,Bravada,2002,WP0AB2A81FK276229
790,Dodge,Caravan,2004,WBAEV53462K815939
791,Lexus,LX,2011,WVGAV7AX2CW302011
792,Audi,4000s,1986,1VWAP7A36EC055668
793,Mitsubishi,Expo,1994,5NPEB4AC8CH078968
794,Hyundai,Elantra,1992,3VW507AT0EM219954
795,Chevrolet,S10 Blazer,1993,1N6AF0LY6EN219394
796,Audi,90,1995,WAUKFBFL8EN744165
797,Acura,RSX,2002,1B3BD1FB1BN526799
798,Chevrolet,Lumina,1995,WDCYC7DF1FX372930
799,Chevrolet,Express 3500,2012,WAUGN74FX9N138052
800,Mercedes-Benz,600SEC,1993,KMHTC6AD7EU558836
801,Ford,Taurus,2006,KMHFH4JG7FA593957
802,Porsche,911,1998,1GD02ZCG8CF341330
803,Nissan,Murano,2005,1GD312CG9DF426315
804,BMW,3 Series,2005,2LMHJ5AT7FB033204
805,Pontiac,Torrent,2008,3C3CFFFH3FT300417
806,Isuzu,Rodeo,1996,2T1BURHE9FC926722
807,Pontiac,Sunfire,2005,5UXFB53536L613700
808,Volvo,S40,2001,1FTSF3B51AE084574
809,Toyota,Sienna,2002,SCFEBBAC1AG516284
810,Infiniti,G25,2012,SCFFDABM3DG497094
811,Saturn,S-Series,1995,SCFAD02A45G404675
812,Subaru,Loyale,1990,WA1MYBFE8AD673230
813,Mazda,Familia,1987,WBA3C1C5XEK622146
814,BMW,7 Series,2012,5UXFB53535L611489
815,GMC,Sierra 2500,2000,JA32U1FU2AU636781
816,Subaru,Impreza,1999,5UXFG2C53DL920698
817,Dodge,Dakota,2000,3N1BC1CP4CK719136
818,BMW,525,2004,WAUFFAFL2CA289359
819,Subaru,Outback,2007,JN8AZ2KR6BT763924
820,Isuzu,Hombre Space,2000,WBAWB3C58AP975476
821,Honda,Fit,2011,WBABS33473J832787
822,Ford,Explorer Sport Trac,2004,JH4DC43591S757765
823,Lexus,ES,2007,WA1CGBFE4ED029521
824,Pontiac,Solstice,2007,5UXFA13585L631930
825,Infiniti,G,2007,5N1AR1NB2AC999193
826,Land Rover,LR3,2009,3FADP4AJXDM781193
827,Cadillac,Escalade EXT,2008,3N1CN7AP4FL933174
828,Mercury,Sable,2000,1FTEX1CM8BK853031
829,GMC,1500,1997,3D4PG6FV5AT322916
830,Ford,Excursion,2004,1FTEX1E88AF662250
831,Chevrolet,Corvette,1963,4T1BF3EK5AU872280
832,Audi,A6,1999,WBABD53485P848227
833,Lotus,Elan,1992,WAUVC68E25A123913
834,Audi,S6,2003,5GADX23L46D656607
835,Nissan,GT-R,2010,JN1AV7AP8FM743245
836,GMC,Sierra 2500,2004,WAULT58E93A686522
837,Mazda,323,1994,2C3CA5CV7AH987003
838,Infiniti,M,2011,3GYFNDEY5AS983876
839,Buick,Skylark,1994,1C4RDJDG1FC678546
840,Chevrolet,Corvette,1968,JH4CL96975C901093
841,Mitsubishi,Cordia,1984,1G6DP8E37C0719218
842,Audi,A8,2004,5N1AL0MM5EC595373
843,GMC,EV1,1999,WAUBFBFL0AN616495
844,Volkswagen,Passat,1993,1GKS1KE0XCR984191
845,Chevrolet,LUV,1979,WA1DGAFP8DA138807
846,Hyundai,Sonata,1997,5UXZV4C57DL163982
847,Dodge,Dakota Club,1994,1G4GC5GG4AF299721
848,BMW,M3,1998,JH4CU2F68CC988042
849,Chevrolet,Venture,1997,WAUXL58E44A230740
850,Honda,del Sol,1995,1G4HP52KX4U547393
851,Toyota,FJ Cruiser,2007,1GYFC23279R906062
852,Chevrolet,Express,2012,1GKKRNED0EJ750902
853,Toyota,Matrix,2008,1FBNE3BLXED740611
854,Ford,Econoline E350,1992,JTEBU4BFXEK711945
855,Chevrolet,Caprice,1991,WBAYP9C50DD644894
856,Lexus,RX,2005,1G6DF8E55D0946056
857,Mazda,Millenia,2001,3GTXKYEJ9AG284850
858,Kia,Sedona,2008,WBAET37442N718452
859,Dodge,Charger,2010,WAUSF98K59A153334
860,Porsche,Panamera,2013,JM1NC2JF4C0373767
861,Mitsubishi,Eclipse,1999,1FMJK2A52AE667721
862,BMW,5 Series,1992,JM3TB2CA3D0654866
863,Mitsubishi,Outlander,2007,WAUEFBFL7BN097427
864,Dodge,Ram 2500,2007,3VWML7AJ4EM675991
865,Pontiac,Vibe,2006,WDCGG0EB5FG448278
866,Mazda,Tribute,2001,WAUUL98E07A810016
867,Pontiac,6000,1990,WAUKH98EX8A104181
868,Lexus,SC,1994,JTEBU5JR3D5264650
869,Isuzu,i-350,2006,WBA3B3C55DF168958
870,Honda,S2000,2000,1FBSS3BL1AD461358
871,Oldsmobile,Cutlass Cruiser,1994,1G4HP52K74U612426
872,Acura,NSX,1997,4USBT53424L476020
873,GMC,3500 Club Coupe,1997,1G6DC1E32C0367670
874,Dodge,Stealth,1994,3N1CN7AP3EL559672
875,Chevrolet,Equinox,2011,WBA3B9C56FF303709
876,BMW,M5,2002,WUADU78E08N294466
877,Aston Martin,DB9,2006,SCBFT7ZA6FC119980
878,Volkswagen,Jetta,2000,2V4RW3DG9BR455135
879,BMW,M5,2001,2T3BFREV3FW832985
880,Ford,Contour,1998,19XFB4F25DE496396
881,Mercedes-Benz,S-Class,1985,WAUGGAFR4EA681218
882,Nissan,Xterra,2008,JN1AZ4EH7CM418703
883,Mazda,Tribute,2001,WAUFFAFC5DN792510
884,Mitsubishi,Pajero,1994,WAUWFAFH3CN818547
885,GMC,Rally Wagon 3500,1994,3GYT4NEF3CG043060
886,Kia,Sportage,2001,WBAPK7C54BA113940
887,Mercedes-Benz,S-Class,1993,WAU4FAFR3DA592969
888,Nissan,Quest,2004,1G6DG5E59D0032923
889,Mercury,Monterey,2004,WAUGFBFC4EN968314
890,Chevrolet,G-Series G10,1995,WAUSF78E86A795220
891,Hyundai,Tiburon,2000,5TDBY5G16DS560430
892,Mazda,Tribute,2010,WBAUU3C52CA684737
893,Volkswagen,riolet,1992,19UUA9F70CA549771
894,Honda,Odyssey,2007,3D4PG4FB7AT594412
895,Ford,Club Wagon,1998,YV140MAM2F1790750
896,Toyota,RAV4,1996,WAUBH74F68N245499
897,Pontiac,Sunfire,1995,2GKALMEK1C6769149
898,Buick,LeSabre,1986,SCBLF34F22C690950
899,Subaru,Forester,2004,WP0AA2A90DS856855
900,Acura,Integra,1996,1GD01XEG9FZ231538
901,Chevrolet,Avalanche 1500,2003,1G4GC5GR2CF972915
902,Ford,F-Series,2009,WDDGF4HB6DR142497
903,Ford,Econoline E250,2000,2G61T5S31F9720845
904,Chrysler,LHS,2000,WDDGF4HB8DF494417
905,Toyota,Celica,2001,1GTG5AE31F1826593
906,Ford,Crown Victoria,2007,1FMCU5K33AK288357
907,Mercedes-Benz,SLK-Class,2012,WA1LGBFE6ED597480
908,Volkswagen,GLI,2008,WAUPEBFMXCA042161
909,Mercedes-Benz,G-Class,2011,JN8AF5MR4FT115074
910,Mitsubishi,Eclipse,2005,1GD020CG5BF664860
911,Chevrolet,S10,1999,3VWML7AJ0EM506065
912,Porsche,928,1995,JN8AE2KP7D9966718
913,Ford,Thunderbird,1993,1G6AS5SX3E0658637
914,Mitsubishi,Lancer Evolution,2002,JH4KC1F98FC851805
915,Mazda,MX-5,2012,WAUJT64B13N355371
916,Volkswagen,rio,1995,WA1WMAFE7DD122368
917,Ford,Excursion,2002,WBAWB33539P118087
918,Mercedes-Benz,SL-Class,1991,WP0CA2A84DS473453
919,Lotus,Esprit,1989,1G6DK1E34D0995251
920,Land Rover,LR4,2010,2T1BURHE0FC195209
921,Chrysler,300M,2001,1GYS3BEF2ER858737
922,Bentley,Continental Flying Spur,2009,1FTSX2A53AE004765
923,Subaru,XT,1986,3N1CN7AP1EL764990
924,Mercedes-Benz,SLK-Class,2012,1G6AL5SX0E0715227
925,Geo,Metro,1993,1GKS2GEJ2DR568947
926,Mitsubishi,Lancer,2001,5J6TF1H3XDL931491
927,Hyundai,Tucson,2009,WBA5B1C54FD327111
928,Saab,9-7X,2006,JN8AZ2KR7ET527402
929,Audi,A4,2006,1FTSX2B57AE715416
930,Pontiac,Grand Prix,1996,1HGCP2E38CA498035
931,GMC,Sierra 3500,2007,JN1CV6FE7AM113056
932,Chevrolet,SSR,2006,WBAEV33485K919132
933,Jeep,Wrangler,2010,WVWED7AJ8CW098979
934,Chevrolet,Avalanche,2010,SCBBB7ZH1EC853780
935,Kia,Optima,2003,JTDZN3EU7E3977549
936,Mazda,Tribute,2001,WAURD68DX2A562648
937,Pontiac,Grand Prix,1972,W04GN5EC9B1028967
938,Acura,SLX,1998,WVWAN7AN2DE434860
939,Ford,Escape,2008,JH4DC53073S098369
940,Chevrolet,Tracker,2004,WAUHGAFC4CN465276
941,Toyota,RAV4,2007,KMHCM3AC2AU195441
942,Acura,TSX,2008,WAUHFBFL1DN051771
943,Chevrolet,1500,1996,WAULD54B84N966919
944,Nissan,Armada,2007,5GAEV23798J739158
945,Dodge,Ram 1500,2001,KMHHT6KD1AU004903
946,GMC,Suburban 1500,1994,WAUEF78E28A596745
947,Dodge,Caravan,2009,WBAHN03517D348224
948,Chevrolet,Express,2012,5UXWX9C59D0777380
949,Infiniti,G35,2008,4JGDA2EB7CA290381
950,GMC,Sierra 3500,2008,WAUSF98E86A899914
951,Lexus,ES,2000,WAULT68E23A973500
952,Volkswagen,Passat,1985,WBABD33494P307674
953,Ford,Laser,1989,5FRYD3H24FB605601
954,Mazda,323,1994,3GYVKLEF0AG514033
955,Toyota,Solara,2005,WAUMFBFL2DN689753
956,Lincoln,Navigator,2000,3D7TP2CT1BG287010
957,Honda,Accord,1994,WAUVT64B63N713498
958,Maserati,Quattroporte,2009,WP0AA2A96DS488021
959,Toyota,Tacoma,1997,19UUA8F50DA607307
960,BMW,1 Series,2012,WAUFFAFL9CN780813
961,Land Rover,Defender 90,1995,1D4PU6GX8AW601988
962,Saab,9-7X,2006,SCBLF44J47C326451
963,Audi,A4,2000,WA1AY94L29D555893
964,Toyota,Sequoia,2007,WBAKB0C58AC344800
965,Toyota,RAV4,2003,SCBGR3ZA8CC296764
966,Buick,Regal,1986,1FTEX1CM1CF764430
967,Chevrolet,Colorado,2010,WAUHF78P18A207186
968,Saab,9-7X,2009,19XFA1E56AE954018
969,Volkswagen,Beetle,1965,TRUTC28N241657520
970,Ford,F150,2010,2G4WD582971637139
971,Mazda,626,1992,1N4AL3AP2EC995465
972,Mercedes-Benz,CLS-Class,2010,JN8AF5MR5FT791307
973,Cadillac,DeVille,2002,2C3CDXHG6EH567400
974,Chevrolet,Monte Carlo,1998,2B3CL5CT0BH289422
975,Rambler,Classic,1963,WA1DVAFE4AD960499
976,Acura,Integra,1995,5TDBCRFH9FS265068
977,Saab,9-3,2011,2C3CCADG3EH417606
978,Maserati,Quattroporte,2011,JN8AZ1FY4EW631548
979,Chevrolet,Equinox,2012,JTEBU5JR5C5178867
980,Nissan,Titan,2011,2V4RW3D15AR600181
981,Chevrolet,Cruze,2012,1YVHZ8BHXA5204796
982,Audi,TT,2001,YV1940AS1D1323169
983,BMW,330,2005,5XYZT3LB2FG695310
984,Fairthorpe,Rockette,1960,JTHBE1KS2B0000422
985,Dodge,Charger,2012,1FTEW1C87FK561057
986,BMW,3 Series,2002,4USBT53404L533685
987,Lexus,GX,2011,2C3CCADG2EH547912
988,Ford,Econoline E250,1996,WBAGN63412D763123
989,Jaguar,XJ Series,2005,SCFHDDAJ0BA795605
990,Mercury,Sable,1986,WBA3A5C55CF039986
991,Nissan,Murano,2003,1N6AA0CA2DN428888
992,Hyundai,Sonata,2010,WAUFFAFL2BA116715
993,Volkswagen,R32,2004,WAUMGBFL5AA429668
994,Honda,Insight,2005,3GTU1YEJ0DG337610
995,Pontiac,Grand Prix,1974,19UUA9F2XDA011889
996,Lincoln,Continental,1997,WVWGD7AJ3EW386064
997,Maybach,Landaulet,2011,3D4PH5FV5AT196953
998,Honda,Odyssey,2005,JTHBK1EG6A2589493
999,Chevrolet,Colorado,2011,4T1BD1FK3DU072123
1000,Honda,Insight,2001,JH4DC53893S508689
